<?xml version="1.0" encoding="UTF-8"?>
<export version="E">
  <design>
    <source>C:\Users\20125\HackconRD_Badge\HackconRD_Badge.kicad_sch</source>
    <date>1/18/2024 5:28:30 PM</date>
    <tool>Eeschema 7.0.9</tool>
    <sheet number="1" name="/" tstamps="/">
      <title_block>
        <title/>
        <company/>
        <rev/>
        <date/>
        <source>HackconRD_Badge.kicad_sch</source>
        <comment number="1" value=""/>
        <comment number="2" value=""/>
        <comment number="3" value=""/>
        <comment number="4" value=""/>
        <comment number="5" value=""/>
        <comment number="6" value=""/>
        <comment number="7" value=""/>
        <comment number="8" value=""/>
        <comment number="9" value=""/>
      </title_block>
    </sheet>
  </design>
  <components>
    <comp ref="BT1">
      <value>Battery</value>
      <footprint>Batteries01:BatteryHolder_Keystone_2479_3xAAA</footprint>
      <libsource lib="Device" part="Battery" description="Multiple-cell battery"/>
      <property name="Sheetname" value=""/>
      <property name="Sheetfile" value="HackconRD_Badge.kicad_sch"/>
      <property name="ki_description" value="Multiple-cell battery"/>
      <property name="ki_keywords" value="batt voltage-source cell"/>
      <sheetpath names="/" tstamps="/"/>
      <tstamps>b3c1ce57-2bd2-41d9-9fdf-b67ceecc694b</tstamps>
    </comp>
    <comp ref="BZ1">
      <value>Buzzer</value>
      <footprint>Buzzer_Beeper:Buzzer_CUI_CPT-9019S-SMT</footprint>
      <libsource lib="Device" part="Buzzer" description="Buzzer, polarized"/>
      <property name="Sheetname" value=""/>
      <property name="Sheetfile" value="HackconRD_Badge.kicad_sch"/>
      <property name="ki_description" value="Buzzer, polarized"/>
      <property name="ki_keywords" value="quartz resonator ceramic"/>
      <sheetpath names="/" tstamps="/"/>
      <tstamps>4376a492-f222-44a8-881b-3218731b6397</tstamps>
    </comp>
    <comp ref="C1">
      <value>0.1uF</value>
      <footprint>Capacitor_SMD:C_0603_1608Metric</footprint>
      <libsource lib="Device" part="C_Small" description="Unpolarized capacitor, small symbol"/>
      <property name="Sheetname" value=""/>
      <property name="Sheetfile" value="HackconRD_Badge.kicad_sch"/>
      <property name="ki_description" value="Unpolarized capacitor, small symbol"/>
      <property name="ki_keywords" value="capacitor cap"/>
      <sheetpath names="/" tstamps="/"/>
      <tstamps>f057f754-dd86-48d7-8eff-f70ad9518cbe</tstamps>
    </comp>
    <comp ref="C2">
      <value>0.1uF</value>
      <footprint>Capacitor_SMD:C_0603_1608Metric</footprint>
      <libsource lib="Device" part="C_Small" description="Unpolarized capacitor, small symbol"/>
      <property name="Sheetname" value=""/>
      <property name="Sheetfile" value="HackconRD_Badge.kicad_sch"/>
      <property name="ki_description" value="Unpolarized capacitor, small symbol"/>
      <property name="ki_keywords" value="capacitor cap"/>
      <sheetpath names="/" tstamps="/"/>
      <tstamps>12cf0863-93eb-4652-8667-c89b28d65a85</tstamps>
    </comp>
    <comp ref="C3">
      <value>0.1uF</value>
      <footprint>Capacitor_SMD:C_0603_1608Metric</footprint>
      <libsource lib="Device" part="C_Small" description="Unpolarized capacitor, small symbol"/>
      <property name="Sheetname" value=""/>
      <property name="Sheetfile" value="HackconRD_Badge.kicad_sch"/>
      <property name="ki_description" value="Unpolarized capacitor, small symbol"/>
      <property name="ki_keywords" value="capacitor cap"/>
      <sheetpath names="/" tstamps="/"/>
      <tstamps>07eaff77-8eac-4fd8-add5-aeee366c5429</tstamps>
    </comp>
    <comp ref="C4">
      <value>0.1uF</value>
      <footprint>Capacitor_SMD:C_0603_1608Metric</footprint>
      <libsource lib="Device" part="C_Small" description="Unpolarized capacitor, small symbol"/>
      <property name="Sheetname" value=""/>
      <property name="Sheetfile" value="HackconRD_Badge.kicad_sch"/>
      <property name="ki_description" value="Unpolarized capacitor, small symbol"/>
      <property name="ki_keywords" value="capacitor cap"/>
      <sheetpath names="/" tstamps="/"/>
      <tstamps>0f27006e-d651-4dcf-aba9-d2e83727d943</tstamps>
    </comp>
    <comp ref="C5">
      <value>0.1uF</value>
      <footprint>Capacitor_SMD:C_0603_1608Metric</footprint>
      <libsource lib="Device" part="C_Small" description="Unpolarized capacitor, small symbol"/>
      <property name="Sheetname" value=""/>
      <property name="Sheetfile" value="HackconRD_Badge.kicad_sch"/>
      <property name="ki_description" value="Unpolarized capacitor, small symbol"/>
      <property name="ki_keywords" value="capacitor cap"/>
      <sheetpath names="/" tstamps="/"/>
      <tstamps>7a4f2ee9-a953-4906-a43d-cf8a48304475</tstamps>
    </comp>
    <comp ref="C6">
      <value>0.1uF</value>
      <footprint>Capacitor_SMD:C_0603_1608Metric</footprint>
      <libsource lib="Device" part="C_Small" description="Unpolarized capacitor, small symbol"/>
      <property name="Sheetname" value=""/>
      <property name="Sheetfile" value="HackconRD_Badge.kicad_sch"/>
      <property name="ki_description" value="Unpolarized capacitor, small symbol"/>
      <property name="ki_keywords" value="capacitor cap"/>
      <sheetpath names="/" tstamps="/"/>
      <tstamps>053b6acf-e253-4372-896b-d7cb78434f63</tstamps>
    </comp>
    <comp ref="C7">
      <value>0.1uF</value>
      <footprint>Capacitor_SMD:C_0603_1608Metric</footprint>
      <libsource lib="Device" part="C_Small" description="Unpolarized capacitor, small symbol"/>
      <property name="Sheetname" value=""/>
      <property name="Sheetfile" value="HackconRD_Badge.kicad_sch"/>
      <property name="ki_description" value="Unpolarized capacitor, small symbol"/>
      <property name="ki_keywords" value="capacitor cap"/>
      <sheetpath names="/" tstamps="/"/>
      <tstamps>9d0e8913-f619-446c-b8d7-4e82e1b6969b</tstamps>
    </comp>
    <comp ref="C8">
      <value>0.1uF</value>
      <footprint>Capacitor_SMD:C_0603_1608Metric</footprint>
      <libsource lib="Device" part="C_Small" description="Unpolarized capacitor, small symbol"/>
      <property name="Sheetname" value=""/>
      <property name="Sheetfile" value="HackconRD_Badge.kicad_sch"/>
      <property name="ki_description" value="Unpolarized capacitor, small symbol"/>
      <property name="ki_keywords" value="capacitor cap"/>
      <sheetpath names="/" tstamps="/"/>
      <tstamps>51ce980e-1962-4675-a362-1d9cb4e13a37</tstamps>
    </comp>
    <comp ref="C9">
      <value>0.1uF</value>
      <footprint>Capacitor_SMD:C_0603_1608Metric</footprint>
      <libsource lib="Device" part="C_Small" description="Unpolarized capacitor, small symbol"/>
      <property name="Sheetname" value=""/>
      <property name="Sheetfile" value="HackconRD_Badge.kicad_sch"/>
      <property name="ki_description" value="Unpolarized capacitor, small symbol"/>
      <property name="ki_keywords" value="capacitor cap"/>
      <sheetpath names="/" tstamps="/"/>
      <tstamps>e8690b3a-9307-4ce1-b486-b3730b6c878f</tstamps>
    </comp>
    <comp ref="D1">
      <value>NeoPixel_THT</value>
      <footprint>LED_SMD:LED_WS2812B_PLCC4_5.0x5.0mm_P3.2mm</footprint>
      <datasheet>https://www.adafruit.com/product/1938</datasheet>
      <libsource lib="" part="NeoPixel_THT_1" description="RGB LED with integrated controller, 5mm/8mm LED package"/>
      <property name="Sheetname" value=""/>
      <property name="Sheetfile" value="HackconRD_Badge.kicad_sch"/>
      <property name="ki_description" value="RGB LED with integrated controller, 5mm/8mm LED package"/>
      <property name="ki_keywords" value="RGB LED NeoPixel addressable"/>
      <sheetpath names="/" tstamps="/"/>
      <tstamps>cc2a56cd-d41d-486a-a97b-90f2dfea821c</tstamps>
    </comp>
    <comp ref="D2">
      <value>NeoPixel_THT</value>
      <footprint>LED_SMD:LED_WS2812B_PLCC4_5.0x5.0mm_P3.2mm</footprint>
      <datasheet>https://www.adafruit.com/product/1938</datasheet>
      <libsource lib="" part="NeoPixel_THT_1" description="RGB LED with integrated controller, 5mm/8mm LED package"/>
      <property name="Sheetname" value=""/>
      <property name="Sheetfile" value="HackconRD_Badge.kicad_sch"/>
      <property name="ki_description" value="RGB LED with integrated controller, 5mm/8mm LED package"/>
      <property name="ki_keywords" value="RGB LED NeoPixel addressable"/>
      <sheetpath names="/" tstamps="/"/>
      <tstamps>6dcd46b0-9cb1-412c-aa51-f52e02a54f66</tstamps>
    </comp>
    <comp ref="D3">
      <value>NeoPixel_THT</value>
      <footprint>LED_SMD:LED_WS2812B_PLCC4_5.0x5.0mm_P3.2mm</footprint>
      <datasheet>https://www.adafruit.com/product/1938</datasheet>
      <libsource lib="" part="NeoPixel_THT_1" description="RGB LED with integrated controller, 5mm/8mm LED package"/>
      <property name="Sheetname" value=""/>
      <property name="Sheetfile" value="HackconRD_Badge.kicad_sch"/>
      <property name="ki_description" value="RGB LED with integrated controller, 5mm/8mm LED package"/>
      <property name="ki_keywords" value="RGB LED NeoPixel addressable"/>
      <sheetpath names="/" tstamps="/"/>
      <tstamps>b0285383-3774-44be-800c-493146223743</tstamps>
    </comp>
    <comp ref="D4">
      <value>NeoPixel_THT</value>
      <footprint>LED_SMD:LED_WS2812B_PLCC4_5.0x5.0mm_P3.2mm</footprint>
      <datasheet>https://www.adafruit.com/product/1938</datasheet>
      <libsource lib="" part="NeoPixel_THT_1" description="RGB LED with integrated controller, 5mm/8mm LED package"/>
      <property name="Sheetname" value=""/>
      <property name="Sheetfile" value="HackconRD_Badge.kicad_sch"/>
      <property name="ki_description" value="RGB LED with integrated controller, 5mm/8mm LED package"/>
      <property name="ki_keywords" value="RGB LED NeoPixel addressable"/>
      <sheetpath names="/" tstamps="/"/>
      <tstamps>20aff607-80ad-4d96-b925-b3b39c617389</tstamps>
    </comp>
    <comp ref="D5">
      <value>NeoPixel_THT</value>
      <footprint>LED_SMD:LED_WS2812B_PLCC4_5.0x5.0mm_P3.2mm</footprint>
      <datasheet>https://www.adafruit.com/product/1938</datasheet>
      <libsource lib="" part="NeoPixel_THT_1" description="RGB LED with integrated controller, 5mm/8mm LED package"/>
      <property name="Sheetname" value=""/>
      <property name="Sheetfile" value="HackconRD_Badge.kicad_sch"/>
      <property name="ki_description" value="RGB LED with integrated controller, 5mm/8mm LED package"/>
      <property name="ki_keywords" value="RGB LED NeoPixel addressable"/>
      <sheetpath names="/" tstamps="/"/>
      <tstamps>a9156d2d-217d-4da1-99eb-4eafea4914c1</tstamps>
    </comp>
    <comp ref="D6">
      <value>NeoPixel_THT</value>
      <footprint>LED_SMD:LED_WS2812B_PLCC4_5.0x5.0mm_P3.2mm</footprint>
      <datasheet>https://www.adafruit.com/product/1938</datasheet>
      <libsource lib="" part="NeoPixel_THT_1" description="RGB LED with integrated controller, 5mm/8mm LED package"/>
      <property name="Sheetname" value=""/>
      <property name="Sheetfile" value="HackconRD_Badge.kicad_sch"/>
      <property name="ki_description" value="RGB LED with integrated controller, 5mm/8mm LED package"/>
      <property name="ki_keywords" value="RGB LED NeoPixel addressable"/>
      <sheetpath names="/" tstamps="/"/>
      <tstamps>304a0383-f582-4a06-8865-89a686f9d950</tstamps>
    </comp>
    <comp ref="D7">
      <value>NeoPixel_THT</value>
      <footprint>LED_SMD:LED_WS2812B_PLCC4_5.0x5.0mm_P3.2mm</footprint>
      <datasheet>https://www.adafruit.com/product/1938</datasheet>
      <libsource lib="" part="NeoPixel_THT_1" description="RGB LED with integrated controller, 5mm/8mm LED package"/>
      <property name="Sheetname" value=""/>
      <property name="Sheetfile" value="HackconRD_Badge.kicad_sch"/>
      <property name="ki_description" value="RGB LED with integrated controller, 5mm/8mm LED package"/>
      <property name="ki_keywords" value="RGB LED NeoPixel addressable"/>
      <sheetpath names="/" tstamps="/"/>
      <tstamps>a7dd22f3-930d-43d4-9769-b6c6180486a7</tstamps>
    </comp>
    <comp ref="D8">
      <value>NeoPixel_THT</value>
      <footprint>LED_SMD:LED_WS2812B_PLCC4_5.0x5.0mm_P3.2mm</footprint>
      <datasheet>https://www.adafruit.com/product/1938</datasheet>
      <libsource lib="" part="NeoPixel_THT_1" description="RGB LED with integrated controller, 5mm/8mm LED package"/>
      <property name="Sheetname" value=""/>
      <property name="Sheetfile" value="HackconRD_Badge.kicad_sch"/>
      <property name="ki_description" value="RGB LED with integrated controller, 5mm/8mm LED package"/>
      <property name="ki_keywords" value="RGB LED NeoPixel addressable"/>
      <sheetpath names="/" tstamps="/"/>
      <tstamps>ebaf50d4-15c4-4851-b340-bd19ce8ede2b</tstamps>
    </comp>
    <comp ref="D9">
      <value>NeoPixel_THT</value>
      <footprint>LED_SMD:LED_WS2812B_PLCC4_5.0x5.0mm_P3.2mm</footprint>
      <datasheet>https://www.adafruit.com/product/1938</datasheet>
      <libsource lib="" part="NeoPixel_THT_1" description="RGB LED with integrated controller, 5mm/8mm LED package"/>
      <property name="Sheetname" value=""/>
      <property name="Sheetfile" value="HackconRD_Badge.kicad_sch"/>
      <property name="ki_description" value="RGB LED with integrated controller, 5mm/8mm LED package"/>
      <property name="ki_keywords" value="RGB LED NeoPixel addressable"/>
      <sheetpath names="/" tstamps="/"/>
      <tstamps>e2823ccd-e8d7-4ce5-b245-0104ac71713f</tstamps>
    </comp>
    <comp ref="D10">
      <value>LED</value>
      <footprint>LED_SMD:LED_0603_1608Metric</footprint>
      <libsource lib="Device" part="LED" description="Light emitting diode"/>
      <property name="Sheetname" value=""/>
      <property name="Sheetfile" value="HackconRD_Badge.kicad_sch"/>
      <property name="ki_description" value="Light emitting diode"/>
      <property name="ki_keywords" value="LED diode"/>
      <sheetpath names="/" tstamps="/"/>
      <tstamps>aa83e36c-7a85-44b8-9229-352d2c445c58</tstamps>
    </comp>
    <comp ref="H1">
      <value>MountingHole</value>
      <footprint>MountingHole:MountingHole_4.5mm</footprint>
      <libsource lib="Mechanical" part="MountingHole" description="Mounting Hole without connection"/>
      <property name="Sheetname" value=""/>
      <property name="Sheetfile" value="HackconRD_Badge.kicad_sch"/>
      <property name="ki_description" value="Mounting Hole without connection"/>
      <property name="ki_keywords" value="mounting hole"/>
      <sheetpath names="/" tstamps="/"/>
      <tstamps>89e90195-7187-444a-84aa-12224b760fa5</tstamps>
    </comp>
    <comp ref="H2">
      <value>MountingHole</value>
      <footprint>MountingHole:MountingHole_4.5mm</footprint>
      <libsource lib="Mechanical" part="MountingHole" description="Mounting Hole without connection"/>
      <property name="Sheetname" value=""/>
      <property name="Sheetfile" value="HackconRD_Badge.kicad_sch"/>
      <property name="ki_description" value="Mounting Hole without connection"/>
      <property name="ki_keywords" value="mounting hole"/>
      <sheetpath names="/" tstamps="/"/>
      <tstamps>ddb8fb18-fc8f-433c-9ab0-07ae5bede5a6</tstamps>
    </comp>
    <comp ref="J1">
      <value>Conn_01x06</value>
      <footprint>Connector_PinHeader_2.54mm:PinHeader_2x03_P2.54mm_Vertical</footprint>
      <libsource lib="Connector_Generic" part="Conn_01x06" description="Generic connector, single row, 01x06, script generated (kicad-library-utils/schlib/autogen/connector/)"/>
      <property name="Sheetname" value=""/>
      <property name="Sheetfile" value="HackconRD_Badge.kicad_sch"/>
      <property name="ki_description" value="Generic connector, single row, 01x06, script generated (kicad-library-utils/schlib/autogen/connector/)"/>
      <property name="ki_keywords" value="connector"/>
      <sheetpath names="/" tstamps="/"/>
      <tstamps>6789192e-0b18-4d45-89c3-e71a9635db28</tstamps>
    </comp>
    <comp ref="J2">
      <value>Conn_01x03_Pin</value>
      <footprint>Connector_PinHeader_2.54mm:PinHeader_1x03_P2.54mm_Vertical</footprint>
      <libsource lib="Connector" part="Conn_01x03_Pin" description="Generic connector, single row, 01x03, script generated"/>
      <property name="Sheetname" value=""/>
      <property name="Sheetfile" value="HackconRD_Badge.kicad_sch"/>
      <property name="ki_description" value="Generic connector, single row, 01x03, script generated"/>
      <property name="ki_keywords" value="connector"/>
      <sheetpath names="/" tstamps="/"/>
      <tstamps>411c96a7-8afe-41b5-bceb-7cea9aec3781</tstamps>
    </comp>
    <comp ref="Q1">
      <value>NPN</value>
      <footprint>Package_TO_SOT_SMD:TSOT-23</footprint>
      <fields>
        <field name="Sim.Device">NPN</field>
        <field name="Sim.Pins">1=C 2=B 3=E</field>
        <field name="Sim.Type">GUMMELPOON</field>
      </fields>
      <libsource lib="Simulation_SPICE" part="NPN" description="Bipolar transistor symbol for simulation only, substrate tied to the emitter"/>
      <property name="Sim.Device" value="NPN"/>
      <property name="Sim.Type" value="GUMMELPOON"/>
      <property name="Sim.Pins" value="1=C 2=B 3=E"/>
      <property name="Sheetname" value=""/>
      <property name="Sheetfile" value="HackconRD_Badge.kicad_sch"/>
      <property name="ki_description" value="Bipolar transistor symbol for simulation only, substrate tied to the emitter"/>
      <property name="ki_keywords" value="simulation"/>
      <sheetpath names="/" tstamps="/"/>
      <tstamps>1181ccc6-725d-4a13-9982-df340c33eefb</tstamps>
    </comp>
    <comp ref="R1">
      <value>330</value>
      <footprint>Resistor_SMD:R_0603_1608Metric</footprint>
      <libsource lib="Device" part="R" description="Resistor"/>
      <property name="Sheetname" value=""/>
      <property name="Sheetfile" value="HackconRD_Badge.kicad_sch"/>
      <property name="ki_description" value="Resistor"/>
      <property name="ki_keywords" value="R res resistor"/>
      <sheetpath names="/" tstamps="/"/>
      <tstamps>ef7f4d22-1e10-4b00-9163-ead37c92832b</tstamps>
    </comp>
    <comp ref="R2">
      <value>10K</value>
      <footprint>Resistor_SMD:R_0603_1608Metric</footprint>
      <libsource lib="Device" part="R" description="Resistor"/>
      <property name="Sheetname" value=""/>
      <property name="Sheetfile" value="HackconRD_Badge.kicad_sch"/>
      <property name="ki_description" value="Resistor"/>
      <property name="ki_keywords" value="R res resistor"/>
      <sheetpath names="/" tstamps="/"/>
      <tstamps>185fcd18-8fc1-4300-b2da-6f728032b2b8</tstamps>
    </comp>
    <comp ref="R3">
      <value>10K</value>
      <footprint>Resistor_SMD:R_0603_1608Metric</footprint>
      <libsource lib="Device" part="R" description="Resistor"/>
      <property name="Sheetname" value=""/>
      <property name="Sheetfile" value="HackconRD_Badge.kicad_sch"/>
      <property name="ki_description" value="Resistor"/>
      <property name="ki_keywords" value="R res resistor"/>
      <sheetpath names="/" tstamps="/"/>
      <tstamps>5c1dcf7b-75f3-49a8-ae5b-2447849da614</tstamps>
    </comp>
    <comp ref="R4">
      <value>330</value>
      <footprint>Resistor_SMD:R_0603_1608Metric</footprint>
      <libsource lib="Device" part="R" description="Resistor"/>
      <property name="Sheetname" value=""/>
      <property name="Sheetfile" value="HackconRD_Badge.kicad_sch"/>
      <property name="ki_description" value="Resistor"/>
      <property name="ki_keywords" value="R res resistor"/>
      <sheetpath names="/" tstamps="/"/>
      <tstamps>c052d530-0fc5-42a3-8c6a-9deb39778242</tstamps>
    </comp>
    <comp ref="SW1">
      <value>SW_Push</value>
      <footprint>Button_Switch_SMD:SW_Push_1P1T_NO_6x6mm_H9.5mm</footprint>
      <libsource lib="Switch" part="SW_Push" description="Push button switch, generic, two pins"/>
      <property name="Sheetname" value=""/>
      <property name="Sheetfile" value="HackconRD_Badge.kicad_sch"/>
      <property name="ki_description" value="Push button switch, generic, two pins"/>
      <property name="ki_keywords" value="switch normally-open pushbutton push-button"/>
      <sheetpath names="/" tstamps="/"/>
      <tstamps>7d658b2a-93a7-4d21-9085-038cf80604d3</tstamps>
    </comp>
    <comp ref="SW2">
      <value>SW_SPDT</value>
      <footprint>Button_Switch_SMD:SW_SPDT_PCM12</footprint>
      <libsource lib="Switch" part="SW_SPDT" description="Switch, single pole double throw"/>
      <property name="Sheetname" value=""/>
      <property name="Sheetfile" value="HackconRD_Badge.kicad_sch"/>
      <property name="ki_description" value="Switch, single pole double throw"/>
      <property name="ki_keywords" value="switch single-pole double-throw spdt ON-ON"/>
      <sheetpath names="/" tstamps="/"/>
      <tstamps>e65d4dae-bec8-4724-94a5-0044ca139f17</tstamps>
    </comp>
    <comp ref="U1">
      <value>ATtiny85-20S</value>
      <footprint>Package_SO:SOIC-8W_5.3x5.3mm_P1.27mm</footprint>
      <datasheet>http://ww1.microchip.com/downloads/en/DeviceDoc/atmel-2586-avr-8-bit-microcontroller-attiny25-attiny45-attiny85_datasheet.pdf</datasheet>
      <libsource lib="MCU_Microchip_ATtiny" part="ATtiny85-20S" description="20MHz, 8kB Flash, 512B SRAM, 512B EEPROM, debugWIRE, SOIC-8W"/>
      <property name="Sheetname" value=""/>
      <property name="Sheetfile" value="HackconRD_Badge.kicad_sch"/>
      <property name="ki_description" value="20MHz, 8kB Flash, 512B SRAM, 512B EEPROM, debugWIRE, SOIC-8W"/>
      <property name="ki_keywords" value="AVR 8bit Microcontroller tinyAVR"/>
      <sheetpath names="/" tstamps="/"/>
      <tstamps>9ed8457f-47be-4761-b9f1-3b10312ad8a1</tstamps>
    </comp>
  </components>
  <libparts>
    <libpart lib="" part="NeoPixel_THT_1">
      <description>RGB LED with integrated controller, 5mm/8mm LED package</description>
      <docs>https://www.adafruit.com/product/1938</docs>
      <footprints>
        <fp>LED*D5.0mm*</fp>
        <fp>LED*D8.0mm*</fp>
      </footprints>
      <fields>
        <field name="Reference">D1</field>
        <field name="Value">NeoPixel_THT</field>
        <field name="Footprint">LED_SMD:LED_WS2812B_PLCC4_5.0x5.0mm_P3.2mm</field>
        <field name="Datasheet">https://www.adafruit.com/product/1938</field>
      </fields>
      <pins>
        <pin num="1" name="VDD" type="power_in"/>
        <pin num="2" name="DOU" type="power_in"/>
        <pin num="3" name="GND" type="power_in"/>
        <pin num="4" name="DIN" type="input"/>
      </pins>
    </libpart>
    <libpart lib="Connector" part="Conn_01x03_Pin">
      <description>Generic connector, single row, 01x03, script generated</description>
      <docs>~</docs>
      <footprints>
        <fp>Connector*:*_1x??_*</fp>
      </footprints>
      <fields>
        <field name="Reference">J</field>
        <field name="Value">Conn_01x03_Pin</field>
        <field name="Datasheet">~</field>
      </fields>
      <pins>
        <pin num="1" name="Pin_1" type="passive"/>
        <pin num="2" name="Pin_2" type="passive"/>
        <pin num="3" name="Pin_3" type="passive"/>
      </pins>
    </libpart>
    <libpart lib="Connector_Generic" part="Conn_01x06">
      <description>Generic connector, single row, 01x06, script generated (kicad-library-utils/schlib/autogen/connector/)</description>
      <docs>~</docs>
      <footprints>
        <fp>Connector*:*_1x??_*</fp>
      </footprints>
      <fields>
        <field name="Reference">J</field>
        <field name="Value">Conn_01x06</field>
        <field name="Datasheet">~</field>
      </fields>
      <pins>
        <pin num="1" name="Pin_1" type="passive"/>
        <pin num="2" name="Pin_2" type="passive"/>
        <pin num="3" name="Pin_3" type="passive"/>
        <pin num="4" name="Pin_4" type="passive"/>
        <pin num="5" name="Pin_5" type="passive"/>
        <pin num="6" name="Pin_6" type="passive"/>
      </pins>
    </libpart>
    <libpart lib="Device" part="Battery">
      <description>Multiple-cell battery</description>
      <docs>~</docs>
      <fields>
        <field name="Reference">BT</field>
        <field name="Value">Battery</field>
        <field name="Datasheet">~</field>
      </fields>
      <pins>
        <pin num="1" name="+" type="passive"/>
        <pin num="2" name="-" type="passive"/>
      </pins>
    </libpart>
    <libpart lib="Device" part="Buzzer">
      <description>Buzzer, polarized</description>
      <docs>~</docs>
      <footprints>
        <fp>*Buzzer*</fp>
      </footprints>
      <fields>
        <field name="Reference">BZ</field>
        <field name="Value">Buzzer</field>
        <field name="Datasheet">~</field>
      </fields>
      <pins>
        <pin num="1" name="-" type="passive"/>
        <pin num="2" name="+" type="passive"/>
      </pins>
    </libpart>
    <libpart lib="Device" part="C_Small">
      <description>Unpolarized capacitor, small symbol</description>
      <docs>~</docs>
      <footprints>
        <fp>C_*</fp>
      </footprints>
      <fields>
        <field name="Reference">C</field>
        <field name="Value">C_Small</field>
        <field name="Datasheet">~</field>
      </fields>
      <pins>
        <pin num="1" name="" type="passive"/>
        <pin num="2" name="" type="passive"/>
      </pins>
    </libpart>
    <libpart lib="Device" part="LED">
      <description>Light emitting diode</description>
      <docs>~</docs>
      <footprints>
        <fp>LED*</fp>
        <fp>LED_SMD:*</fp>
        <fp>LED_THT:*</fp>
      </footprints>
      <fields>
        <field name="Reference">D</field>
        <field name="Value">LED</field>
        <field name="Datasheet">~</field>
      </fields>
      <pins>
        <pin num="1" name="K" type="passive"/>
        <pin num="2" name="A" type="passive"/>
      </pins>
    </libpart>
    <libpart lib="Device" part="R">
      <description>Resistor</description>
      <docs>~</docs>
      <footprints>
        <fp>R_*</fp>
      </footprints>
      <fields>
        <field name="Reference">R</field>
        <field name="Value">R</field>
        <field name="Datasheet">~</field>
      </fields>
      <pins>
        <pin num="1" name="" type="passive"/>
        <pin num="2" name="" type="passive"/>
      </pins>
    </libpart>
    <libpart lib="MCU_Microchip_ATtiny" part="ATtiny85-20S">
      <description>20MHz, 8kB Flash, 512B SRAM, 512B EEPROM, debugWIRE, SOIC-8W</description>
      <docs>http://ww1.microchip.com/downloads/en/DeviceDoc/atmel-2586-avr-8-bit-microcontroller-attiny25-attiny45-attiny85_datasheet.pdf</docs>
      <footprints>
        <fp>SOIC*5.3x5.3mm*P1.27mm*</fp>
      </footprints>
      <fields>
        <field name="Reference">U</field>
        <field name="Value">ATtiny85-20S</field>
        <field name="Footprint">Package_SO:SOIC-8W_5.3x5.3mm_P1.27mm</field>
        <field name="Datasheet">http://ww1.microchip.com/downloads/en/DeviceDoc/atmel-2586-avr-8-bit-microcontroller-attiny25-attiny45-attiny85_datasheet.pdf</field>
      </fields>
      <pins>
        <pin num="1" name="~{RESET}/PB5" type="bidirectional"/>
        <pin num="2" name="XTAL1/PB3" type="bidirectional"/>
        <pin num="3" name="XTAL2/PB4" type="bidirectional"/>
        <pin num="4" name="GND" type="power_in"/>
        <pin num="5" name="AREF/PB0" type="bidirectional"/>
        <pin num="6" name="PB1" type="bidirectional"/>
        <pin num="7" name="PB2" type="bidirectional"/>
        <pin num="8" name="VCC" type="power_in"/>
      </pins>
    </libpart>
    <libpart lib="Mechanical" part="MountingHole">
      <description>Mounting Hole without connection</description>
      <docs>~</docs>
      <footprints>
        <fp>MountingHole*</fp>
      </footprints>
      <fields>
        <field name="Reference">H</field>
        <field name="Value">MountingHole</field>
        <field name="Datasheet">~</field>
      </fields>
    </libpart>
    <libpart lib="Simulation_SPICE" part="NPN">
      <description>Bipolar transistor symbol for simulation only, substrate tied to the emitter</description>
      <docs>~</docs>
      <fields>
        <field name="Reference">Q1</field>
        <field name="Value">NPN</field>
        <field name="Footprint">Package_TO_SOT_SMD:TSOT-23</field>
        <field name="Datasheet">~</field>
        <field name="Sim.Type">GUMMELPOON</field>
        <field name="Sim.Device">NPN</field>
        <field name="Sim.Pins">1=C 2=B 3=E</field>
      </fields>
      <pins>
        <pin num="1" name="B" type="input"/>
        <pin num="2" name="E" type="open_emitter"/>
        <pin num="3" name="C" type="open_collector"/>
      </pins>
    </libpart>
    <libpart lib="Switch" part="SW_Push">
      <description>Push button switch, generic, two pins</description>
      <docs>~</docs>
      <fields>
        <field name="Reference">SW</field>
        <field name="Value">SW_Push</field>
        <field name="Datasheet">~</field>
      </fields>
      <pins>
        <pin num="1" name="1" type="passive"/>
        <pin num="2" name="2" type="passive"/>
      </pins>
    </libpart>
    <libpart lib="Switch" part="SW_SPDT">
      <description>Switch, single pole double throw</description>
      <docs>~</docs>
      <fields>
        <field name="Reference">SW</field>
        <field name="Value">SW_SPDT</field>
        <field name="Datasheet">~</field>
      </fields>
      <pins>
        <pin num="1" name="A" type="passive"/>
        <pin num="2" name="B" type="passive"/>
        <pin num="3" name="C" type="passive"/>
      </pins>
    </libpart>
  </libparts>
  <libraries>
    <library logical="Connector">
      <uri>C:\Program Files\KiCad\7.0\share\kicad\symbols\/Connector.kicad_sym</uri>
    </library>
    <library logical="Connector_Generic">
      <uri>C:\Program Files\KiCad\7.0\share\kicad\symbols\/Connector_Generic.kicad_sym</uri>
    </library>
    <library logical="Device">
      <uri>C:\Program Files\KiCad\7.0\share\kicad\symbols\/Device.kicad_sym</uri>
    </library>
    <library logical="MCU_Microchip_ATtiny">
      <uri>C:\Program Files\KiCad\7.0\share\kicad\symbols\/MCU_Microchip_ATtiny.kicad_sym</uri>
    </library>
    <library logical="Mechanical">
      <uri>C:\Program Files\KiCad\7.0\share\kicad\symbols\/Mechanical.kicad_sym</uri>
    </library>
    <library logical="Simulation_SPICE">
      <uri>C:\Program Files\KiCad\7.0\share\kicad\symbols\/Simulation_SPICE.kicad_sym</uri>
    </library>
    <library logical="Switch">
      <uri>C:\Program Files\KiCad\7.0\share\kicad\symbols\/Switch.kicad_sym</uri>
    </library>
  </libraries>
  <nets>
    <net code="1" name="Earth">
      <node ref="BT1" pin="2" pinfunction="-" pintype="passive"/>
      <node ref="BZ1" pin="2" pinfunction="+" pintype="passive"/>
      <node ref="C1" pin="1" pintype="passive"/>
      <node ref="C2" pin="2" pintype="passive"/>
      <node ref="C3" pin="2" pintype="passive"/>
      <node ref="C4" pin="1" pintype="passive"/>
      <node ref="C5" pin="1" pintype="passive"/>
      <node ref="C6" pin="1" pintype="passive"/>
      <node ref="C7" pin="1" pintype="passive"/>
      <node ref="C8" pin="1" pintype="passive"/>
      <node ref="C9" pin="1" pintype="passive"/>
      <node ref="D1" pin="3" pinfunction="GND" pintype="power_in"/>
      <node ref="D10" pin="1" pinfunction="K" pintype="passive"/>
      <node ref="D2" pin="3" pinfunction="GND" pintype="power_in"/>
      <node ref="D3" pin="3" pinfunction="GND" pintype="power_in"/>
      <node ref="D4" pin="3" pinfunction="GND" pintype="power_in"/>
      <node ref="D5" pin="3" pinfunction="GND" pintype="power_in"/>
      <node ref="D6" pin="3" pinfunction="GND" pintype="power_in"/>
      <node ref="D7" pin="3" pinfunction="GND" pintype="power_in"/>
      <node ref="D8" pin="3" pinfunction="GND" pintype="power_in"/>
      <node ref="D9" pin="3" pinfunction="GND" pintype="power_in"/>
      <node ref="J1" pin="6" pinfunction="Pin_6" pintype="passive"/>
      <node ref="J2" pin="3" pinfunction="Pin_3" pintype="passive"/>
      <node ref="Q1" pin="2" pinfunction="E" pintype="open_emitter"/>
      <node ref="SW1" pin="1" pinfunction="1" pintype="passive"/>
      <node ref="U1" pin="4" pinfunction="GND" pintype="power_in"/>
    </net>
    <net code="2" name="Net-(BT1-+)">
      <node ref="BT1" pin="1" pinfunction="+" pintype="passive"/>
      <node ref="SW2" pin="3" pinfunction="C" pintype="passive"/>
    </net>
    <net code="3" name="Net-(BZ1--)">
      <node ref="BZ1" pin="1" pinfunction="-" pintype="passive"/>
      <node ref="Q1" pin="3" pinfunction="C" pintype="open_collector"/>
      <node ref="R2" pin="1" pintype="passive"/>
    </net>
    <net code="4" name="Net-(D1-DIN)">
      <node ref="D1" pin="4" pinfunction="DIN" pintype="input"/>
      <node ref="R1" pin="1" pintype="passive"/>
    </net>
    <net code="5" name="Net-(D1-DOU)">
      <node ref="D1" pin="2" pinfunction="DOU" pintype="power_in"/>
      <node ref="D2" pin="4" pinfunction="DIN" pintype="input"/>
    </net>
    <net code="6" name="Net-(D1-VDD)">
      <node ref="C1" pin="2" pintype="passive"/>
      <node ref="C2" pin="1" pintype="passive"/>
      <node ref="C3" pin="1" pintype="passive"/>
      <node ref="C4" pin="2" pintype="passive"/>
      <node ref="C5" pin="2" pintype="passive"/>
      <node ref="C6" pin="2" pintype="passive"/>
      <node ref="C7" pin="2" pintype="passive"/>
      <node ref="C8" pin="2" pintype="passive"/>
      <node ref="C9" pin="2" pintype="passive"/>
      <node ref="D1" pin="1" pinfunction="VDD" pintype="power_in"/>
      <node ref="D2" pin="1" pinfunction="VDD" pintype="power_in"/>
      <node ref="D3" pin="1" pinfunction="VDD" pintype="power_in"/>
      <node ref="D4" pin="1" pinfunction="VDD" pintype="power_in"/>
      <node ref="D5" pin="1" pinfunction="VDD" pintype="power_in"/>
      <node ref="D6" pin="1" pinfunction="VDD" pintype="power_in"/>
      <node ref="D7" pin="1" pinfunction="VDD" pintype="power_in"/>
      <node ref="D8" pin="1" pinfunction="VDD" pintype="power_in"/>
      <node ref="D9" pin="1" pinfunction="VDD" pintype="power_in"/>
      <node ref="J1" pin="1" pinfunction="Pin_1" pintype="passive"/>
      <node ref="J2" pin="2" pinfunction="Pin_2" pintype="passive"/>
      <node ref="R2" pin="2" pintype="passive"/>
      <node ref="R3" pin="2" pintype="passive"/>
      <node ref="R4" pin="2" pintype="passive"/>
      <node ref="SW2" pin="2" pinfunction="B" pintype="passive"/>
      <node ref="U1" pin="8" pinfunction="VCC" pintype="power_in"/>
    </net>
    <net code="7" name="Net-(D2-DOU)">
      <node ref="D2" pin="2" pinfunction="DOU" pintype="power_in"/>
      <node ref="D3" pin="4" pinfunction="DIN" pintype="input"/>
    </net>
    <net code="8" name="Net-(D3-DOU)">
      <node ref="D3" pin="2" pinfunction="DOU" pintype="power_in"/>
      <node ref="D4" pin="4" pinfunction="DIN" pintype="input"/>
    </net>
    <net code="9" name="Net-(D4-DOU)">
      <node ref="D4" pin="2" pinfunction="DOU" pintype="power_in"/>
      <node ref="D5" pin="4" pinfunction="DIN" pintype="input"/>
    </net>
    <net code="10" name="Net-(D5-DOU)">
      <node ref="D5" pin="2" pinfunction="DOU" pintype="power_in"/>
      <node ref="D6" pin="4" pinfunction="DIN" pintype="input"/>
    </net>
    <net code="11" name="Net-(D6-DOU)">
      <node ref="D6" pin="2" pinfunction="DOU" pintype="power_in"/>
      <node ref="D7" pin="4" pinfunction="DIN" pintype="input"/>
    </net>
    <net code="12" name="Net-(D7-DOU)">
      <node ref="D7" pin="2" pinfunction="DOU" pintype="power_in"/>
      <node ref="D8" pin="4" pinfunction="DIN" pintype="input"/>
    </net>
    <net code="13" name="Net-(D8-DOU)">
      <node ref="D8" pin="2" pinfunction="DOU" pintype="power_in"/>
      <node ref="D9" pin="4" pinfunction="DIN" pintype="input"/>
    </net>
    <net code="14" name="Net-(D9-DOU)">
      <node ref="D9" pin="2" pinfunction="DOU" pintype="power_in"/>
      <node ref="J2" pin="1" pinfunction="Pin_1" pintype="passive"/>
    </net>
    <net code="15" name="Net-(D10-A)">
      <node ref="D10" pin="2" pinfunction="A" pintype="passive"/>
      <node ref="R4" pin="1" pintype="passive"/>
    </net>
    <net code="16" name="Net-(J1-Pin_2)">
      <node ref="J1" pin="2" pinfunction="Pin_2" pintype="passive"/>
      <node ref="U1" pin="7" pinfunction="PB2" pintype="bidirectional"/>
    </net>
    <net code="17" name="Net-(J1-Pin_3)">
      <node ref="J1" pin="3" pinfunction="Pin_3" pintype="passive"/>
      <node ref="U1" pin="6" pinfunction="PB1" pintype="bidirectional"/>
    </net>
    <net code="18" name="Net-(J1-Pin_4)">
      <node ref="J1" pin="4" pinfunction="Pin_4" pintype="passive"/>
      <node ref="U1" pin="5" pinfunction="AREF/PB0" pintype="bidirectional"/>
    </net>
    <net code="19" name="Net-(J1-Pin_5)">
      <node ref="J1" pin="5" pinfunction="Pin_5" pintype="passive"/>
      <node ref="R3" pin="1" pintype="passive"/>
      <node ref="SW1" pin="2" pinfunction="2" pintype="passive"/>
      <node ref="U1" pin="1" pinfunction="~{RESET}/PB5" pintype="bidirectional"/>
    </net>
    <net code="20" name="Net-(Q1-B)">
      <node ref="Q1" pin="1" pinfunction="B" pintype="input"/>
      <node ref="U1" pin="3" pinfunction="XTAL2/PB4" pintype="bidirectional"/>
    </net>
    <net code="21" name="Net-(U1-XTAL1{slash}PB3)">
      <node ref="R1" pin="2" pintype="passive"/>
      <node ref="U1" pin="2" pinfunction="XTAL1/PB3" pintype="bidirectional"/>
    </net>
    <net code="22" name="unconnected-(SW2-A-Pad1)">
      <node ref="SW2" pin="1" pinfunction="A" pintype="passive"/>
    </net>
  </nets>
</export>
